<?xml version="1.0" encoding="UTF-8" standalone="yes"?>
<addon id="plugin.video.freeview.sk" name="Freeview.sk" version="1.2.3" provider-name="cache-sk, cratos38">
    <requires>
        <import addon="xbmc.python" version="3.0.0"/>
        <import addon="script.module.requests" version="2.22.0"/>
        <import addon="inputstream.adaptive" version="2.0.0"/>
    </requires>
    <extension point="xbmc.python.pluginsource" library="main.py">
        <provides>video</provides>
    </extension>
    <extension point="xbmc.addon.metadata">
        <summary lang="en_GB">Free Slovak and Czech TV channels</summary>
        <summary lang="sk_SK">Bezplatné slovenské a české TV kanály</summary>
        <summary lang="cs_CZ">Bezplatné slovenské a české TV kanály</summary>
        <description lang="en_GB">Watch free Slovak and Czech TV channels with EPG (Electronic Programme Guide). Includes JOJ, Prima, ČT, Nova, TA3, RTVS, Markíza and more.[CR][CR]Version 1.2.3 - Fixed EPG source (changed from m7cz.solocoo.tv to iptv-epg.org)</description>
        <description lang="sk_SK">Sledujte bezplatné slovenské a české TV kanály s EPG (elektronickým programovým sprievodcom). Zahŕňa JOJ, Prima, ČT, Nova, TA3, RTVS, Markíza a ďalšie.[CR][CR]Verzia 1.2.3 - Opravený zdroj EPG (zmenené z m7cz.solocoo.tv na iptv-epg.org)</description>
        <description lang="cs_CZ">Sledujte bezplatné slovenské a české TV kanály s EPG (elektronickým programovým průvodcem). Zahrnuje JOJ, Prima, ČT, Nova, TA3, RTVS, Markíza a další.[CR][CR]Verze 1.2.3 - Opravený zdroj EPG (změněno z m7cz.solocoo.tv na iptv-epg.org)</description>
        <disclaimer lang="en_GB">The author does not host any content. All streams are provided by official broadcasters.</disclaimer>
        <disclaimer lang="sk_SK">Autor nehostuje žiadny obsah. Všetky streamy poskytujú oficiálne vysielatelia.</disclaimer>
        <disclaimer lang="cs_CZ">Autor nehostuje žádný obsah. Všechny streamy poskytují oficiální vysílatelé.</disclaimer>
        <platform>all</platform>
        <license>MIT</license>
        <website>https://github.com/cratos38/plugin.video.freeview.sk</website>
        <source>https://github.com/cratos38/plugin.video.freeview.sk</source>
        <news>
v1.2.3 (2026-01-11) - cratos38
- Fixed EPG: Changed source from m7cz.solocoo.tv to iptv-epg.org
- Reason: m7cz.solocoo.tv no longer responds
- Result: 44/47 channels now have working EPG (93.6%)
- EPG updates according to addon settings

v1.2.2 (2026-01-02) - cache-sk
- Previous version
        </news>
        <assets>
            <icon>icon.jpg</icon>
            <fanart>fanart.jpg</fanart>
        </assets>
    </extension>
</addon>
